v√©rtices;arestas;probabilidade;componentes
10;0;0,000000;10
10;1;0,022222;9
10;2;0,066667;8
10;3;0,066667;8
10;4;0,155556;6
10;5;0,244444;5
10;6;0,622222;3
10;7;0,622222;3
10;8;0,622222;3
10;9;0,622222;3
10;10;0,622222;3
10;11;0,800000;2
10;12;1,000000;1
50;0;0,000000;50
50;1;0,000000;50
50;2;0,000816;49
50;3;0,002449;47
50;4;0,004898;45
50;5;0,005714;44
50;6;0,013061;41
50;7;0,013061;41
50;8;0,013878;40
50;9;0,015510;39
50;10;0,020408;37
50;11;0,022857;36
50;12;0,032653;35
50;13;0,048980;32
50;14;0,048980;32
50;15;0,062857;30
50;16;0,071020;29
50;17;0,093878;26
50;18;0,110204;25
50;19;0,110204;25
50;20;0,251429;21
50;21;0,253061;20
50;22;0,253061;20
50;23;0,255510;19
50;24;0,255510;19
50;25;0,297143;17
50;26;0,297143;17
50;27;0,341224;16
50;28;0,341224;16
50;29;0,364898;15
50;30;0,364898;15
50;31;0,462857;14
50;32;0,490612;13
50;33;0,490612;13
50;34;0,491429;12
50;35;0,491429;12
50;36;0,491429;12
50;37;0,520000;11
50;38;0,523265;10
50;39;0,523265;10
50;40;0,523265;10
50;41;0,670204;9
50;42;0,670204;9
50;43;0,670204;9
50;44;0,703673;8
50;45;0,703673;8
50;46;0,703673;8
50;47;0,703673;8
50;48;0,703673;8
50;49;0,703673;8
50;50;0,737959;7
50;51;0,737959;7
50;52;0,737959;7
50;53;0,737959;7
50;54;0,737959;7
50;55;0,737959;7
50;56;0,808163;6
50;57;0,808163;6
50;58;0,808163;6
50;59;0,844898;5
50;60;0,882449;4
50;61;0,882449;4
50;62;0,882449;4
50;63;0,882449;4
50;64;0,882449;4
50;65;0,882449;4
50;66;0,882449;4
50;67;0,882449;4
50;68;0,882449;4
50;69;0,882449;4
50;70;0,920816;3
50;71;0,920816;3
50;72;0,920816;3
50;73;0,920816;3
50;74;0,920816;3
50;75;0,920816;3
50;76;0,920816;3
50;77;0,920816;3
50;78;0,920816;3
50;79;0,920816;3
50;80;0,920816;3
50;81;0,920816;3
50;82;0,920816;3
50;83;0,920816;3
50;84;0,920816;3
50;85;0,920816;3
50;86;0,920816;3
50;87;0,920816;3
50;88;0,920816;3
50;89;0,920816;3
50;90;0,920816;3
50;91;0,920816;3
50;92;0,920816;3
50;93;0,920816;3
50;94;0,920816;3
50;95;0,920816;3
50;96;0,920816;3
50;97;0,920816;3
50;98;0,920816;3
50;99;0,920816;3
50;100;0,920816;3
50;101;0,920816;3
50;102;0,920816;3
50;103;0,920816;3
50;104;0,960000;2
50;105;0,960000;2
50;106;0,960000;2
50;107;0,960000;2
50;108;0,960000;2
50;109;0,960000;2
50;110;0,960000;2
50;111;0,960000;2
50;112;0,960000;2
50;113;0,960000;2
50;114;0,960000;2
50;115;0,960000;2
50;116;0,960000;2
50;117;0,960000;2
50;118;0,960000;2
50;119;0,960000;2
50;120;0,960000;2
50;121;0,960000;2
50;122;0,960000;2
50;123;0,960000;2
50;124;0,960000;2
50;125;0,960000;2
50;126;0,960000;2
50;127;0,960000;2
50;128;0,960000;2
50;129;0,960000;2
50;130;0,960000;2
50;131;0,960000;2
50;132;0,960000;2
50;133;0,960000;2
50;134;0,960000;2
50;135;0,960000;2
50;136;0,960000;2
50;137;0,960000;2
50;138;0,960000;2
50;139;0,960000;2
50;140;0,960000;2
50;141;0,960000;2
50;142;0,960000;2
50;143;0,960000;2
50;144;0,960000;2
50;145;0,960000;2
50;146;0,960000;2
50;147;0,960000;2
50;148;0,960000;2
50;149;0,960000;2
50;150;0,960000;2
50;151;0,960000;2
50;152;0,960000;2
50;153;0,960000;2
50;154;0,960000;2
50;155;0,960000;2
50;156;0,960000;2
50;157;0,960000;2
50;158;0,960000;2
50;159;0,960000;2
50;160;0,960000;2
50;161;0,960000;2
50;162;0,960000;2
50;163;0,960000;2
50;164;0,960000;2
50;165;0,960000;2
50;166;0,960000;2
50;167;0,960000;2
50;168;0,960000;2
50;169;0,960000;2
50;170;0,960000;2
50;171;0,960000;2
50;172;1,000000;1
100;0;0,000000;100
100;1;0,000000;100
100;2;0,000202;99
100;3;0,000404;98
100;4;0,000808;97
100;5;0,001010;96
100;6;0,001212;95
100;7;0,001212;95
100;8;0,001616;94
100;9;0,002020;92
100;10;0,002222;91
100;11;0,002424;90
100;12;0,004040;87
100;13;0,004848;85
100;14;0,004848;85
100;15;0,004848;85
100;16;0,005051;84
100;17;0,008283;82
100;18;0,008485;81
100;19;0,008485;81
100;20;0,008485;81
100;21;0,008889;80
100;22;0,008889;80
100;23;0,009697;78
100;24;0,009899;77
100;25;0,009899;77
100;26;0,011515;76
100;27;0,013333;75
100;28;0,019394;74
100;29;0,019394;74
100;30;0,019394;74
100;31;0,019394;74
100;32;0,019596;73
100;33;0,019596;73
100;34;0,019596;73
100;35;0,024040;71
100;36;0,024242;70
100;37;0,024242;70
100;38;0,024242;70
100;39;0,024848;69
100;40;0,026061;68
100;41;0,026667;66
100;42;0,027879;62
100;43;0,027879;62
100;44;0,027879;62
100;45;0,031919;60
100;46;0,031919;60
100;47;0,032525;59
100;48;0,033535;58
100;49;0,041010;55
100;50;0,069293;53
100;51;0,069293;53
100;52;0,070101;52
100;53;0,070101;52
100;54;0,070101;52
100;55;0,071313;51
100;56;0,071313;51
100;57;0,077980;48
100;58;0,077980;48
100;59;0,078788;47
100;60;0,078788;47
100;61;0,103030;46
100;62;0,103030;46
100;63;0,103030;46
100;64;0,114747;45
100;65;0,114747;45
100;66;0,114747;45
100;67;0,114747;45
100;68;0,126061;43
100;69;0,132525;42
100;70;0,199192;41
100;71;0,312727;38
100;72;0,324040;37
100;73;0,335556;36
100;74;0,335556;36
100;75;0,335556;36
100;76;0,335556;36
100;77;0,335556;36
100;78;0,358990;35
100;79;0,371111;34
100;80;0,383434;33
100;81;0,421414;31
100;82;0,434545;30
100;83;0,434545;30
100;84;0,488485;28
100;85;0,488687;27
100;86;0,488687;27
100;87;0,488687;27
100;88;0,488687;27
100;89;0,502828;26
100;90;0,502828;26
100;91;0,502828;26
100;92;0,502828;26
100;93;0,502828;26
100;94;0,502828;26
100;95;0,502828;26
100;96;0,502828;26
100;97;0,502828;26
100;98;0,531515;25
100;99;0,576364;22
100;100;0,576364;22
100;101;0,576364;22
100;102;0,576364;22
100;103;0,576364;22
100;104;0,576364;22
100;105;0,591717;21
100;106;0,591717;21
100;107;0,607273;20
100;108;0,638788;19
100;109;0,654949;18
100;110;0,654949;18
100;111;0,654949;18
100;112;0,671313;17
100;113;0,671313;17
100;114;0,721414;15
100;115;0,738586;14
100;116;0,755960;13
100;117;0,773535;12
100;118;0,773535;12
100;119;0,773535;12
100;120;0,773535;12
100;121;0,773535;12
100;122;0,773737;11
100;123;0,773737;11
100;124;0,773737;11
100;125;0,773737;11
100;126;0,773737;11
100;127;0,773737;11
100;128;0,773737;11
100;129;0,773737;11
100;130;0,773737;11
100;131;0,773737;11
100;132;0,773737;11
100;133;0,773737;11
100;134;0,773737;11
100;135;0,791515;10
100;136;0,791515;10
100;137;0,791515;10
100;138;0,791515;10
100;139;0,791515;10
100;140;0,791515;10
100;141;0,791515;10
100;142;0,827475;9
100;143;0,827475;9
100;144;0,827475;9
100;145;0,827475;9
100;146;0,827475;9
100;147;0,827475;9
100;148;0,827475;9
100;149;0,827475;9
100;150;0,864242;8
100;151;0,864242;8
100;152;0,883030;7
100;153;0,883030;7
100;154;0,902020;6
100;155;0,902020;6
100;156;0,902020;6
100;157;0,902020;6
100;158;0,902020;6
100;159;0,902020;6
100;160;0,902020;6
100;161;0,902020;6
100;162;0,902020;6
100;163;0,921212;5
100;164;0,921212;5
100;165;0,921212;5
100;166;0,921212;5
100;167;0,921212;5
100;168;0,921212;5
100;169;0,921212;5
100;170;0,921212;5
100;171;0,921212;5
100;172;0,921212;5
100;173;0,921212;5
100;174;0,921212;5
100;175;0,940606;4
100;176;0,940606;4
100;177;0,940606;4
100;178;0,940606;4
100;179;0,940606;4
100;180;0,940606;4
100;181;0,940606;4
100;182;0,940606;4
100;183;0,940606;4
100;184;0,940606;4
100;185;0,940606;4
100;186;0,940606;4
100;187;0,940606;4
100;188;0,940606;4
100;189;0,940606;4
100;190;0,940606;4
100;191;0,940606;4
100;192;0,940606;4
100;193;0,940606;4
100;194;0,940606;4
100;195;0,940606;4
100;196;0,940606;4
100;197;0,940606;4
100;198;0,940606;4
100;199;0,940606;4
100;200;0,940606;4
100;201;0,940606;4
100;202;0,940606;4
100;203;0,940606;4
100;204;0,940606;4
100;205;0,940606;4
100;206;0,940606;4
100;207;0,940606;4
100;208;0,940606;4
100;209;0,940606;4
100;210;0,940606;4
100;211;0,940606;4
100;212;0,940606;4
100;213;0,940606;4
100;214;0,940606;4
100;215;0,940606;4
100;216;0,940606;4
100;217;0,940606;4
100;218;0,940606;4
100;219;0,940606;4
100;220;0,940606;4
100;221;0,940606;4
100;222;0,940606;4
100;223;0,940606;4
100;224;0,940606;4
100;225;0,940606;4
100;226;0,940606;4
100;227;0,940606;4
100;228;0,940606;4
100;229;0,940606;4
100;230;0,940606;4
100;231;0,960202;3
100;232;0,960202;3
100;233;0,960202;3
100;234;0,960202;3
100;235;0,960202;3
100;236;0,960202;3
100;237;0,960202;3
100;238;0,960202;3
100;239;0,960202;3
100;240;0,980000;2
100;241;0,980000;2
100;242;0,980000;2
100;243;0,980000;2
100;244;0,980000;2
100;245;0,980000;2
100;246;0,980000;2
100;247;0,980000;2
100;248;0,980000;2
100;249;0,980000;2
100;250;1,000000;1
1000;0;0,000000;1000
1000;1;0,000002;999
1000;2;0,000006;997
1000;3;0,000006;997
1000;4;0,000010;995
1000;5;0,000012;994
1000;6;0,000012;994
1000;7;0,000014;993
1000;8;0,000016;992
1000;9;0,000018;991
1000;10;0,000020;990
1000;11;0,000024;988
1000;12;0,000026;987
1000;13;0,000028;986
1000;14;0,000030;985
1000;15;0,000030;985
1000;16;0,000030;985
1000;17;0,000036;983
1000;18;0,000036;983
1000;19;0,000036;983
1000;20;0,000038;982
1000;21;0,000040;981
1000;22;0,000044;979
1000;23;0,000048;977
1000;24;0,000054;974
1000;25;0,000056;973
1000;26;0,000056;973
1000;27;0,000058;972
1000;28;0,000058;972
1000;29;0,000062;970
1000;30;0,000064;969
1000;31;0,000066;968
1000;32;0,000066;968
1000;33;0,000066;968
1000;34;0,000068;967
1000;35;0,000070;966
1000;36;0,000070;966
1000;37;0,000070;966
1000;38;0,000074;964
1000;39;0,000080;961
1000;40;0,000080;961
1000;41;0,000080;961
1000;42;0,000080;961
1000;43;0,000080;961
1000;44;0,000080;961
1000;45;0,000086;958
1000;46;0,000090;956
1000;47;0,000090;956
1000;48;0,000230;905
1000;49;0,000230;905
1000;50;0,000230;905
1000;51;0,000230;905
1000;52;0,000234;903
1000;53;0,000238;902
1000;54;0,000246;899
1000;55;0,000248;898
1000;56;0,000248;898
1000;57;0,000252;896
1000;58;0,000260;894
1000;59;0,000264;892
1000;60;0,000276;888
1000;61;0,000276;888
1000;62;0,000276;888
1000;63;0,000278;887
1000;64;0,000280;886
1000;65;0,000282;885
1000;66;0,000282;885
1000;67;0,000282;885
1000;68;0,000282;885
1000;69;0,000284;884
1000;70;0,000284;884
1000;71;0,000284;884
1000;72;0,000290;882
1000;73;0,000292;881
1000;74;0,000292;881
1000;75;0,000292;881
1000;76;0,000296;879
1000;77;0,000316;875
1000;78;0,000338;873
1000;79;0,000338;873
1000;80;0,000344;871
1000;81;0,000344;871
1000;82;0,000346;870
1000;83;0,000346;870
1000;84;0,000348;869
1000;85;0,000350;868
1000;86;0,000352;867
1000;87;0,000354;866
1000;88;0,000356;865
1000;89;0,000356;865
1000;90;0,000362;863
1000;91;0,000362;863
1000;92;0,000366;861
1000;93;0,000370;860
1000;94;0,000370;860
1000;95;0,000370;860
1000;96;0,000396;858
1000;97;0,000398;857
1000;98;0,000404;856
1000;99;0,000408;854
1000;100;0,000418;852
1000;101;0,000422;851
1000;102;0,000422;851
1000;103;0,000422;851
1000;104;0,000424;850
1000;105;0,000428;848
1000;106;0,000428;848
1000;107;0,000440;847
1000;108;0,000440;847
1000;109;0,000442;846
1000;110;0,000448;845
1000;111;0,000456;844
1000;112;0,000462;842
1000;113;0,000472;840
1000;114;0,000472;840
1000;115;0,000478;839
1000;116;0,000478;839
1000;117;0,000484;838
1000;118;0,000484;838
1000;119;0,000486;837
1000;120;0,000494;835
1000;121;0,000496;834
1000;122;0,000496;834
1000;123;0,001736;692
1000;124;0,001740;691
1000;125;0,001744;689
1000;126;0,001766;687
1000;127;0,002186;684
1000;128;0,002186;684
1000;129;0,002192;682
1000;130;0,002192;682
1000;131;0,002208;679
1000;132;0,002208;679
1000;133;0,002210;678
1000;134;0,002214;677
1000;135;0,002214;677
1000;136;0,002214;677
1000;137;0,002220;676
1000;138;0,002220;676
1000;139;0,002280;674
1000;140;0,002284;673
1000;141;0,002296;672
1000;142;0,002300;670
1000;143;0,002308;669
1000;144;0,002314;667
1000;145;0,002314;667
1000;146;0,002324;665
1000;147;0,002354;662
1000;148;0,002354;662
1000;149;0,002366;661
1000;150;0,002378;659
1000;151;0,002452;657
1000;152;0,002513;656
1000;153;0,002533;654
1000;154;0,002595;653
1000;155;0,002607;652
1000;156;0,002619;651
1000;157;0,002635;650
1000;158;0,002635;650
1000;159;0,002639;649
1000;160;0,002639;649
1000;161;0,002649;648
1000;162;0,002653;647
1000;163;0,002653;647
1000;164;0,002745;644
1000;165;0,002745;644
1000;166;0,002759;642
1000;167;0,002759;642
1000;168;0,002759;642
1000;169;0,002759;642
1000;170;0,002759;642
1000;171;0,002763;641
1000;172;0,002763;641
1000;173;0,002763;641
1000;174;0,002763;641
1000;175;0,002847;640
1000;176;0,002907;639
1000;177;0,002911;638
1000;178;0,003019;636
1000;179;0,003033;635
1000;180;0,003065;632
1000;181;0,003065;632
1000;182;0,003085;630
1000;183;0,003151;629
1000;184;0,003159;627
1000;185;0,003159;627
1000;186;0,003159;627
1000;187;0,003159;627
1000;188;0,003163;625
1000;189;0,003165;624
1000;190;0,003221;623
1000;191;0,072158;442
1000;192;0,073223;440
1000;193;0,073377;438
1000;194;0,073381;437
1000;195;0,073926;435
1000;196;0,076072;434
1000;197;0,076072;434
1000;198;0,076072;434
1000;199;0,076074;433
1000;200;0,076619;432
1000;201;0,076859;431
1000;202;0,076859;431
1000;203;0,076859;431
1000;204;0,076859;431
1000;205;0,077952;430
1000;206;0,077952;430
1000;207;0,077956;429
1000;208;0,077956;429
1000;209;0,079083;425
1000;210;0,079083;425
1000;211;0,079087;424
1000;212;0,079087;424
1000;213;0,079087;424
1000;214;0,079642;423
1000;215;0,081874;421
1000;216;0,081874;421
1000;217;0,081874;421
1000;218;0,082070;419
1000;219;0,082070;419
1000;220;0,082088;418
1000;221;0,082160;417
1000;222;0,083297;415
1000;223;0,086713;413
1000;224;0,086713;413
1000;225;0,086713;413
1000;226;0,087169;411
1000;227;0,087169;411
1000;228;0,087169;411
1000;229;0,087750;410
1000;230;0,087750;410
1000;231;0,112801;409
1000;232;0,113469;408
1000;233;0,114835;406
1000;234;0,117548;404
1000;235;0,117564;403
1000;236;0,117564;403
1000;237;0,117566;402
1000;238;0,118248;401
1000;239;0,118248;401
1000;240;0,127834;400
1000;241;0,127834;400
1000;242;0,127834;400
1000;243;0,127834;400
1000;244;0,127834;400
1000;245;0,127846;399
1000;246;0,127846;399
1000;247;0,127846;399
1000;248;0,127846;399
1000;249;0,127926;398
1000;250;0,127930;397
1000;251;0,130068;396
1000;252;0,130787;395
1000;253;0,538799;209
1000;254;0,540268;208
1000;255;0,540268;208
1000;256;0,541740;207
1000;257;0,541740;207
1000;258;0,541740;207
1000;259;0,541740;207
1000;260;0,550581;206
1000;261;0,550585;205
1000;262;0,550585;205
1000;263;0,550585;205
1000;264;0,553558;203
1000;265;0,553558;203
1000;266;0,568452;202
1000;267;0,568452;202
1000;268;0,569962;201
1000;269;0,569962;201
1000;270;0,569962;201
1000;271;0,576014;199
1000;272;0,576016;198
1000;273;0,582100;196
1000;274;0,582100;196
1000;275;0,583628;195
1000;276;0,583628;195
1000;277;0,583628;195
1000;278;0,585157;194
1000;279;0,585157;194
1000;280;0,586689;193
1000;281;0,589756;192
1000;282;0,592831;191
1000;283;0,592831;191
1000;284;0,594372;190
1000;285;0,600557;187
1000;286;0,600557;187
1000;287;0,600557;187
1000;288;0,600557;187
1000;289;0,603660;186
1000;290;0,603660;186
1000;291;0,603660;186
1000;292;0,605215;185
1000;293;0,606773;184
1000;294;0,609894;182
1000;295;0,609894;182
1000;296;0,611459;180
1000;297;0,613025;179
1000;298;0,614593;178
1000;299;0,614593;178
1000;300;0,614593;178
1000;301;0,614593;178
1000;302;0,614593;178
1000;303;0,614593;178
1000;304;0,617734;176
1000;305;0,617734;176
1000;306;0,617734;176
1000;307;0,617734;176
1000;308;0,617734;176
1000;309;0,622456;174
1000;310;0,622456;174
1000;311;0,624036;173
1000;312;0,624036;173
1000;313;0,813534;91
1000;314;0,813534;91
1000;315;0,813534;91
1000;316;0,813534;91
1000;317;0,813534;91
1000;318;0,813534;91
1000;319;0,813534;91
1000;320;0,813534;91
1000;321;0,813534;91
1000;322;0,813534;91
1000;323;0,813534;91
1000;324;0,813534;91
1000;325;0,813534;91
1000;326;0,813534;91
1000;327;0,813534;91
1000;328;0,813534;91
1000;329;0,813534;91
1000;330;0,813534;91
1000;331;0,813534;91
1000;332;0,813534;91
1000;333;0,813534;91
1000;334;0,813534;91
1000;335;0,813534;91
1000;336;0,813534;91
1000;337;0,813534;91
1000;338;0,813534;91
1000;339;0,820765;89
1000;340;0,820765;89
1000;341;0,822579;88
1000;342;0,822579;88
1000;343;0,822579;88
1000;344;0,822579;88
1000;345;0,822579;88
1000;346;0,822579;88
1000;347;0,824394;87
1000;348;0,824394;87
1000;349;0,824394;87
1000;350;0,824394;87
1000;351;0,824394;87
1000;352;0,824394;87
1000;353;0,824394;87
1000;354;0,824394;87
1000;355;0,824394;87
1000;356;0,824394;87
1000;357;0,824394;87
1000;358;0,824394;87
1000;359;0,824394;87
1000;360;0,824394;87
1000;361;0,826212;86
1000;362;0,826212;86
1000;363;0,826212;86
1000;364;0,826212;86
1000;365;0,831672;85
1000;366;0,831672;85
1000;367;0,831672;85
1000;368;0,831672;85
1000;369;0,831672;85
1000;370;0,831672;85
1000;371;0,831672;85
1000;372;0,835323;84
1000;373;0,835323;84
1000;374;0,923483;40
1000;375;0,923483;40
1000;376;0,923483;40
1000;377;0,923483;40
1000;378;0,923483;40
1000;379;0,923483;40
1000;380;0,923483;40
1000;381;0,925407;39
1000;382;0,925407;39
1000;383;0,925407;39
1000;384;0,925407;39
1000;385;0,925407;39
1000;386;0,925407;39
1000;387;0,925407;39
1000;388;0,925407;39
1000;389;0,925407;39
1000;390;0,925407;39
1000;391;0,925407;39
1000;392;0,925407;39
1000;393;0,925407;39
1000;394;0,925407;39
1000;395;0,927333;38
1000;396;0,927333;38
1000;397;0,927333;38
1000;398;0,927333;38
1000;399;0,927333;38
1000;400;0,927333;38
1000;401;0,927333;38
1000;402;0,927333;38
1000;403;0,929261;37
1000;404;0,929261;37
1000;405;0,929261;37
1000;406;0,929261;37
1000;407;0,929261;37
1000;408;0,929261;37
1000;409;0,929261;37
1000;410;0,929261;37
1000;411;0,929261;37
1000;412;0,929261;37
1000;413;0,929261;37
1000;414;0,929261;37
1000;415;0,931191;36
1000;416;0,931191;36
1000;417;0,931191;36
1000;418;0,931191;36
1000;419;0,931191;36
1000;420;0,931191;36
1000;421;0,931191;36
1000;422;0,931191;36
1000;423;0,931191;36
1000;424;0,931191;36
1000;425;0,931191;36
1000;426;0,931191;36
1000;427;0,931191;36
1000;428;0,931191;36
1000;429;0,931191;36
1000;430;0,931191;36
1000;431;0,931191;36
1000;432;0,931191;36
1000;433;0,931191;36
1000;434;0,931191;36
1000;435;0,931191;36
1000;436;0,931191;36
1000;437;0,968240;17
1000;438;0,968240;17
1000;439;0,968240;17
1000;440;0,968240;17
1000;441;0,968240;17
1000;442;0,968240;17
1000;443;0,968240;17
1000;444;0,968240;17
1000;445;0,968240;17
1000;446;0,968240;17
1000;447;0,968240;17
1000;448;0,968240;17
1000;449;0,968240;17
1000;450;0,968240;17
1000;451;0,968240;17
1000;452;0,968240;17
1000;453;0,968240;17
1000;454;0,970210;16
1000;455;0,970210;16
1000;456;0,970210;16
1000;457;0,970210;16
1000;458;0,970210;16
1000;459;0,970210;16
1000;460;0,970210;16
1000;461;0,970210;16
1000;462;0,970210;16
1000;463;0,970210;16
1000;464;0,970210;16
1000;465;0,970210;16
1000;466;0,970210;16
1000;467;0,970210;16
1000;468;0,970210;16
1000;469;0,970210;16
1000;470;0,970210;16
1000;471;0,970210;16
1000;472;0,970210;16
1000;473;0,970210;16
1000;474;0,970210;16
1000;475;0,970210;16
1000;476;0,970210;16
1000;477;0,970210;16
1000;478;0,970210;16
1000;479;0,970210;16
1000;480;0,970210;16
1000;481;0,970210;16
1000;482;0,970210;16
1000;483;0,970210;16
1000;484;0,970210;16
1000;485;0,970210;16
1000;486;0,970210;16
1000;487;0,970210;16
1000;488;0,970210;16
1000;489;0,970210;16
1000;490;0,970210;16
1000;491;0,970210;16
1000;492;0,970210;16
1000;493;0,970210;16
1000;494;0,970210;16
1000;495;0,970210;16
1000;496;0,970210;16
1000;497;0,970210;16
1000;498;0,970210;16
1000;499;0,990020;6
1000;500;0,990020;6
1000;501;0,990020;6
1000;502;0,990020;6
1000;503;0,990020;6
1000;504;0,990020;6
1000;505;0,990020;6
1000;506;0,990020;6
1000;507;0,990020;6
1000;508;0,990020;6
1000;509;0,990020;6
1000;510;0,990020;6
1000;511;0,990020;6
1000;512;0,990020;6
1000;513;0,990020;6
1000;514;0,990020;6
1000;515;0,990020;6
1000;516;0,990020;6
1000;517;0,990020;6
1000;518;0,990020;6
1000;519;0,990020;6
1000;520;0,990020;6
1000;521;0,990020;6
1000;522;0,990020;6
1000;523;0,990020;6
1000;524;0,990020;6
1000;525;0,990020;6
1000;526;0,990020;6
1000;527;0,990020;6
1000;528;0,990020;6
1000;529;0,990020;6
1000;530;0,990020;6
1000;531;0,990020;6
1000;532;0,990020;6
1000;533;0,990020;6
1000;534;0,990020;6
1000;535;0,990020;6
1000;536;0,990020;6
1000;537;0,990020;6
1000;538;0,990020;6
1000;539;0,990020;6
1000;540;0,990020;6
1000;541;0,990020;6
1000;542;0,990020;6
1000;543;0,990020;6
1000;544;0,990020;6
1000;545;0,992012;5
1000;546;0,992012;5
1000;547;0,992012;5
1000;548;0,992012;5
1000;549;0,992012;5
1000;550;0,992012;5
1000;551;0,992012;5
1000;552;0,992012;5
1000;553;0,992012;5
1000;554;0,992012;5
1000;555;0,992012;5
1000;556;0,992012;5
1000;557;0,992012;5
1000;558;0,992012;5
1000;559;0,992012;5
1000;560;0,992012;5
1000;561;0,992012;5
1000;562;0,994006;4
1000;563;0,994006;4
1000;564;0,994006;4
1000;565;0,994006;4
1000;566;0,994006;4
1000;567;0,994006;4
1000;568;0,994006;4
1000;569;0,994006;4
1000;570;0,994006;4
1000;571;0,994006;4
1000;572;0,994006;4
1000;573;0,994006;4
1000;574;0,994006;4
1000;575;0,994006;4
1000;576;0,994006;4
1000;577;0,994006;4
1000;578;0,994006;4
1000;579;0,994006;4
1000;580;0,996002;3
1000;581;0,996002;3
1000;582;0,996002;3
1000;583;0,996002;3
1000;584;0,996002;3
1000;585;0,996002;3
1000;586;0,996002;3
1000;587;0,996002;3
1000;588;0,996002;3
1000;589;0,996002;3
1000;590;0,996002;3
1000;591;0,996002;3
1000;592;0,996002;3
1000;593;0,996002;3
1000;594;0,996002;3
1000;595;0,996002;3
1000;596;0,996002;3
1000;597;0,996002;3
1000;598;0,996002;3
1000;599;0,996002;3
1000;600;0,996002;3
1000;601;0,996002;3
1000;602;0,996002;3
1000;603;0,996002;3
1000;604;0,996002;3
1000;605;0,996002;3
1000;606;0,996002;3
1000;607;0,996002;3
1000;608;0,996002;3
1000;609;0,996002;3
1000;610;0,996002;3
1000;611;0,996002;3
1000;612;0,996002;3
1000;613;0,996002;3
1000;614;0,996002;3
1000;615;0,996002;3
1000;616;0,996002;3
1000;617;0,996002;3
1000;618;0,996002;3
1000;619;0,996002;3
1000;620;0,996002;3
1000;621;0,996002;3
1000;622;0,996002;3
1000;623;1,000000;1
10000;0;0,000000;10000
10000;1;0,000000;9999
10000;2;0,000000;9997
10000;3;0,000000;9995
10000;4;0,000000;9990
10000;5;0,000000;9985
10000;6;0,000000;9980
10000;7;0,000001;9975
10000;8;0,000001;9968
10000;9;0,000001;9960
10000;10;0,000001;9951
10000;11;0,000001;9941
10000;12;0,000001;9931
10000;13;0,000002;9921
10000;14;0,000002;9905
10000;15;0,000002;9890
10000;16;0,000003;9876
10000;17;0,000003;9858
10000;18;0,000003;9842
10000;19;0,000004;9824
10000;20;0,000004;9807
10000;21;0,000004;9785
10000;22;0,000005;9764
10000;23;0,000005;9742
10000;24;0,000006;9722
10000;25;0,000006;9692
10000;26;0,000007;9663
10000;27;0,000008;9635
10000;28;0,000008;9609
10000;29;0,000009;9574
10000;30;0,000010;9548
10000;31;0,000010;9522
10000;32;0,000011;9493
10000;33;0,000012;9458
10000;34;0,000013;9423
10000;35;0,000014;9392
10000;36;0,000014;9362
10000;37;0,000015;9330
10000;38;0,000016;9291
10000;39;0,000018;9248
10000;40;0,000019;9207
10000;41;0,000020;9171
10000;42;0,000021;9136
10000;43;0,000022;9096
10000;44;0,000023;9060
10000;45;0,000024;9020
10000;46;0,000026;8978
10000;47;0,000027;8932
10000;48;0,000029;8891
10000;49;0,000031;8838
10000;50;0,000033;8778
10000;51;0,000034;8734
10000;52;0,000036;8676
10000;53;0,000038;8631
10000;54;0,000040;8575
10000;55;0,000042;8529
10000;56;0,000044;8470
10000;57;0,000047;8406
10000;58;0,000049;8351
10000;59;0,000052;8296
10000;60;0,000054;8233
10000;61;0,000057;8173
10000;62;0,000060;8108
10000;63;0,000063;8041
10000;64;0,000066;7978
10000;65;0,000070;7900
10000;66;0,000074;7830
10000;67;0,000078;7760
10000;68;0,000082;7674
10000;69;0,000088;7595
10000;70;0,000093;7523
10000;71;0,000096;7445
10000;72;0,000101;7379
10000;73;0,000108;7303
10000;74;0,000113;7237
10000;75;0,000120;7156
10000;76;0,000127;7077
10000;77;0,000134;7010
10000;78;0,000143;6930
10000;79;0,000152;6837
10000;80;0,000164;6754
10000;81;0,000176;6670
10000;82;0,000193;6593
10000;83;0,000219;6513
10000;84;0,000248;6427
10000;85;0,000268;6339
10000;86;0,000304;6258
10000;87;0,000324;6180
10000;88;0,000337;6099
10000;89;0,000378;6004
10000;90;0,000415;5920
10000;91;0,000460;5828
10000;92;0,000544;5742
10000;93;0,000600;5665
10000;94;0,000631;5569
10000;95;0,000772;5481
10000;96;0,000877;5392
10000;97;0,001090;5296
10000;98;0,001878;5207
10000;99;0,002027;5111
10000;100;0,002844;5013
10000;101;0,003959;4919
10000;102;0,006170;4816
10000;103;0,009457;4725
10000;104;0,011044;4625
10000;105;0,016788;4510
10000;106;0,020092;4406
10000;107;0,035997;4302
10000;108;0,062202;4195
10000;109;0,081286;4091
10000;110;0,107389;3980
10000;111;0,119204;3897
10000;112;0,135956;3794
10000;113;0,167108;3696
10000;114;0,181713;3611
10000;115;0,199507;3522
10000;116;0,224033;3434
10000;117;0,249668;3341
10000;118;0,260779;3265
10000;119;0,276423;3185
10000;120;0,292296;3124
10000;121;0,311516;3034
10000;122;0,322324;2956
10000;123;0,341091;2874
10000;124;0,360032;2788
10000;125;0,375677;2709
10000;126;0,390532;2633
10000;127;0,405926;2564
10000;128;0,416055;2502
10000;129;0,436414;2434
10000;130;0,450933;2363
10000;131;0,467738;2289
10000;132;0,481374;2229
10000;133;0,494365;2167
10000;134;0,513386;2087
10000;135;0,528542;2016
10000;136;0,544656;1947
10000;137;0,561461;1883
10000;138;0,584005;1820
10000;139;0,595985;1772
10000;140;0,609961;1721
10000;141;0,624731;1665
10000;142;0,634730;1620
10000;143;0,646414;1569
10000;144;0,660153;1522
10000;145;0,673216;1471
10000;146;0,685579;1424
10000;147;0,695051;1376
10000;148;0,706940;1324
10000;149;0,713345;1289
10000;150;0,723856;1243
10000;151;0,732731;1199
10000;152;0,745800;1154
10000;153;0,752898;1121
10000;154;0,758985;1090
10000;155;0,767722;1050
10000;156;0,776332;1016
10000;157;0,784459;988
10000;158;0,791561;955
10000;159;0,799410;918
10000;160;0,803886;902
10000;161;0,812517;866
10000;162;0,818839;840
10000;163;0,827185;800
10000;164;0,835756;765
10000;165;0,841434;742
10000;166;0,846027;720
10000;167;0,852847;690
10000;168;0,857841;665
10000;169;0,863779;641
10000;170;0,869365;618
10000;171;0,872725;601
10000;172;0,877028;580
10000;173;0,881717;559
10000;174;0,887360;535
10000;175;0,891321;516
10000;176;0,897752;489
10000;177;0,901926;469
10000;178;0,905348;453
10000;179;0,908777;438
10000;180;0,910494;429
10000;181;0,913932;414
10000;182;0,916420;401
10000;183;0,920253;385
10000;184;0,923518;370
10000;185;0,926788;354
10000;186;0,928715;345
10000;187;0,930450;336
10000;188;0,933926;318
10000;189;0,935667;309
10000;190;0,937215;301
10000;191;0,938183;296
10000;192;0,940316;285
10000;193;0,941868;277
10000;194;0,944199;266
10000;195;0,946338;256
10000;196;0,950038;239
10000;197;0,954136;220
10000;198;0,956287;209
10000;199;0,958635;197
10000;200;0,959615;191
10000;201;0,960986;185
10000;202;0,962359;181
10000;203;0,963144;177
10000;204;0,964519;171
10000;205;0,966681;161
10000;206;0,968845;154
10000;207;0,970815;145
10000;208;0,971997;139
10000;209;0,973181;132
10000;210;0,973773;130
10000;211;0,974563;126
10000;212;0,975550;121
10000;213;0,977329;112
10000;214;0,977724;110
10000;215;0,979109;103
10000;216;0,980495;96
10000;217;0,981882;90
10000;218;0,982477;87
10000;219;0,982873;85
10000;220;0,983071;84
10000;221;0,983666;81
10000;222;0,984857;75
10000;223;0,985651;71
10000;224;0,986247;68
10000;225;0,987439;62
10000;226;0,988035;59
10000;227;0,988035;59
10000;228;0,988234;58
10000;229;0,989229;53
10000;230;0,990025;49
10000;231;0,990025;49
10000;232;0,990224;48
10000;233;0,990423;47
10000;234;0,991020;44
10000;235;0,992215;39
10000;236;0,992813;36
10000;237;0,993411;33
10000;238;0,993610;32
10000;239;0,993610;32
10000;240;0,993809;31
10000;241;0,994009;30
10000;242;0,994807;26
10000;243;0,995206;24
10000;244;0,995804;22
10000;245;0,996004;21
10000;246;0,996004;21
10000;247;0,996004;21
10000;248;0,996004;21
10000;249;0,996004;21
10000;250;0,996004;21
10000;251;0,996004;21
10000;252;0,996004;21
10000;253;0,996603;18
10000;254;0,997002;16
10000;255;0,997402;14
10000;256;0,997402;14
10000;257;0,997402;14
10000;258;0,997601;13
10000;259;0,997801;12
10000;260;0,997801;12
10000;261;0,997801;12
10000;262;0,998001;11
10000;263;0,998001;11
10000;264;0,998201;10
10000;265;0,998201;10
10000;266;0,998201;10
10000;267;0,998401;9
10000;268;0,998600;8
10000;269;0,998600;8
10000;270;0,998600;8
10000;271;0,998600;8
10000;272;0,998600;8
10000;273;0,998800;7
10000;274;0,998800;7
10000;275;0,998800;7
10000;276;0,999000;6
10000;277;0,999000;6
10000;278;0,999200;5
10000;279;0,999400;4
10000;280;0,999400;4
10000;281;0,999400;4
10000;282;0,999600;3
10000;283;0,999600;3
10000;284;0,999600;3
10000;285;0,999600;3
10000;286;0,999600;3
10000;287;0,999600;3
10000;288;0,999600;3
10000;289;0,999600;3
10000;290;0,999600;3
10000;291;0,999600;3
10000;292;0,999600;3
10000;293;0,999600;3
10000;294;0,999600;3
10000;295;0,999600;3
10000;296;0,999600;3
10000;297;0,999600;3
10000;298;0,999600;3
10000;299;0,999600;3
10000;300;0,999600;3
10000;301;0,999600;3
10000;302;0,999600;3
10000;303;0,999600;3
10000;304;1,000000;1
